player_id,position
2577327,WR
4430027,TE
4430034,WR
4429013,RB
4612826,WR
4697815,RB
-16002,D/ST
-16003,D/ST
4259545,RB
4361432,WR
4430807,RB
-16007,D/ST
4429275,RB
4596448,RB
4685279,RB
16800,WR
3117251,RB
-16016,D/ST
-16017,D/ST
4429795,RB
-16021,D/ST
-16022,D/ST
-16023,D/ST
3040151,TE
4241389,WR
4360939,WR
4701936,WR
-16025,D/ST
-16026,D/ST
3139477,QB
4360438,WR
3128720,RB
-16033,D/ST
-16034,D/ST
4569587,WR
4362238,RB
4431611,QB
2977187,WR
3915416,WR
4242433,WR
4426502,WR
4567048,RB
4572680,TE
4362249,WR
3916433,WR
4241416,RB
4379399,RB
15818,WR
4262921,WR
3886598,WR
3917315,QB
2976499,WR
4426385,RB
4430737,RB
4047365,RB
4429205,WR
4426388,WR
4685720,QB
4723086,TE
4361370,WR
4385690,TE
4696981,RB
4595348,WR
15835,TE
4685472,WR
4242335,RB
3043078,RB
4575131,RB
3915511,QB
2577417,QB
3054850,RB
4568490,RB
15847,TE
4373678,WR
3042519,RB
2976212,WR
3126486,WR
4428209,WR
4688813,WR
4242355,TE
4882093,RB
4429501,RB
4032473,WR
4685247,RB
3918298,QB
4040655,WR
4035538,RB
4431299,WR
4369863,WR
4567750,WR
3052587,QB
4427095,WR
4569173,RB
4361307,TE
4431452,QB
4426338,QB
4427366,RB
4890973,RB
4431459,TE
4685415,WR
3895856,WR
4429160,RB
4361579,RB
4426348,QB
4426354,WR
4596334,RB
4711533,RB
4036133,TE
3929630,RB
4047650,WR
3121422,WR
4360569,RB
4373626,RB
4047646,WR
4239993,WR
4038941,QB
4239996,RB
4036378,QB
4258173,WR
4635008,WR
4877706,WR
4432773,WR
4686472,WR
4362628,WR
4685702,RB
4040715,QB
4569987,RB
3045147,RB
4362887,QB
4361741,QB
4569618,WR
3116406,WR
4426515,WR
3128429,WR
4432665,TE
3068267,RB
4686612,WR
4430878,WR
4374302,WR
3916148,RB
3116165,WR
16737,WR
3123076,TE
3925357,WR
3121023,TE
4819231,RB
4035687,WR
3916387,QB
4428331,WR
4433970,QB
4241457,RB
4372016,WR
4429615,WR
5081397,RB
4372019,RB
4241463,WR
4361529,RB
4683062,WR
3116365,TE
4241985,RB
3051876,TE
4241474,RB
4432710,RB
3116385,RB
4432708,WR
4241478,WR
4360516,RB
4685382,RB
16460,WR
4428557,RB
4248528,WR
4243537,WR
4366031,WR
4722893,RB
-16005,D/ST
-16006,D/ST
16731,WR
4241372,WR
-16008,D/ST
3117256,TE
4429084,QB
4040761,RB
-16012,D/ST
4429023,RB
4258595,TE
-16015,D/ST
3929645,TE
4360294,RB
3051392,RB
-16018,D/ST
-16020,D/ST
4429096,RB
4430637,WR
3932905,WR
4361777,RB
4428850,WR
3051926,RB
3121427,WR
15795,WR
3045138,WR
4038815,RB
4682745,RB
4678008,RB
8439,QB
4035676,RB
4360761,WR
4360248,TE
2576414,RB
4242431,RB
4432577,QB
4597500,WR
4361411,TE
4241479,QB
16782,RB
4426386,RB
4241555,RB
4371733,RB
3116593,RB
4240021,RB
4240600,WR
3059722,WR
16733,WR
-16010,D/ST
3128390,WR
4048244,RB
14880,QB
4429025,WR
3115394,WR
3121410,WR
2976316,WR
4045163,RB
4035886,RB
3918639,TE
3135321,WR
4242540,WR
4360238,RB
3122840,QB
3045144,WR
3925347,RB
4046692,WR
3139925,RB
-16029,D/ST
4430191,WR
2573401,TE
4360310,QB
4426485,WR
4567156,WR
15864,QB
3059915,RB
3917792,QB
4372414,WR
4360635,TE
4239934,RB
4361409,WR
2576925,TE
3116389,RB
3115364,RB
2980453,RB
4372485,WR
4240455,RB
3120348,WR
2576434,RB
4052042,RB
2576623,WR
4240657,RB
3115378,WR
4039359,RB
16790,WR
4035004,WR
4036348,WR
2330,QB
-16009,D/ST
13982,WR
16799,WR
-16011,D/ST
15072,WR
2572861,RB
14881,QB
3116164,TE
4242214,RB
3025433,RB
3930086,TE
3051738,WR
-16024,D/ST
-16027,D/ST
4036131,TE
16757,QB
2574808,WR
4383351,QB
3916566,WR
3046439,TE
15807,RB
4040980,TE
12483,QB
3916430,RB
15880,WR
3119195,RB
2975674,TE
16913,RB
4243160,WR
14876,QB
2974858,WR
2979843,RB
3054212,TE
-16014,D/ST
11237,QB
14053,WR
3919596,RB
3912550,RB
3042778,WR
13229,TE
16813,TE
13934,WR
2508176,RB
3052117,RB
-16028,D/ST
2979477,RB
2976592,WR
3128721,RB
15349,WR
4035170,WR
4038818,WR
3886818,RB
3043275,TE
4241401,RB
3052876,WR
3895827,RB
4241475,WR
2971618,WR
4241802,WR
3932423,WR
14924,WR
3923397,RB
3050487,WR
3060022,RB
15825,RB
3915399,WR
11283,WR
4035072,RB
2580,QB
10452,RB
3916925,RB
16725,WR
3051439,RB
3115375,RB
2972460,WR
2977644,RB
5528,WR
3066158,RB
16732,TE
13981,RB
15966,RB
13983,WR
5536,QB
13217,WR
12514,RB
16804,WR
12649,WR
3046779,QB
13994,QB
3049916,RB
13295,WR
15920,RB
3139605,RB
2576716,WR
3924327,QB
4047839,WR
2573079,QB
3699935,RB
16504,TE
12537,TE
3115306,WR
3123050,TE
2969962,RB
3116136,RB
14912,WR
3924365,TE
3916945,WR
16781,WR
16974,TE
17359,RB
14993,K
2576491,WR
2587819,WR
2971573,K
3116721,RB
3122672,RB
16791,WR
3050478,K
5529,QB
15705,WR
3123052,K
3127306,WR
3115913,WR
3043080,TE
3124679,K
8479,RB
3128774,RB
9761,TE
3057987,WR
2578570,QB
16486,K
9704,K
2972091,RB
2985659,K
3051902,RB
3915823,WR
3843750,RB
4333,K
15853,TE
4038441,RB
16944,RB
2969939,QB
-16030,D/ST
15860,TE
3122449,WR
14198,RB
3892889,WR
15683,K
4361606,RB
16777,RB
3039707,QB
3055899,K
9354,K
14922,WR
14221,WR
2577134,RB
16016,WR
3051891,RB
15826,RB
12563,WR
3122866,RB
2520698,WR
10456,RB
17177,WR
2573300,RB
11674,WR
14874,QB
16730,WR
3046409,RB
17372,K
2977609,WR
13215,WR
15839,WR
8416,QB
13216,WR
3042435,WR
15971,RB
14885,RB
14054,TE
14886,RB
16040,RB
10475,TE
12460,K
15788,TE
17133,RB
11439,WR
13232,TE
14129,RB
11122,K
3071572,WR
3052177,WR
16760,QB
15994,RB
2576019,WR
3045260,RB
15102,WR
14145,TE
14402,WR
11270,WR
2577253,RB
1097,K
10636,K
16783,RB
16787,WR
5526,QB
13213,RB
2971589,RB
4527,TE
13271,WR
11238,RB
15848,RB
9705,WR
2576336,RB
11247,RB
14322,K
16886,WR
14851,WR
11788,RB
2575408,RB
11278,RB
17427,K
11295,TE
11307,RB
15918,K
15952,RB
2978929,WR
15965,K
2576980,QB
14005,RB
14012,QB
14017,RB
14032,WR
10453,WR
5362,TE
12556,WR
2980148,RB
12579,WR
12601,WR
2576237,RB
14163,QB
3051889,WR
8544,RB
17258,WR
4459,QB
16749,RB
14193,RB
16763,WR
17284,RB
9613,RB
13204,RB
2982828,WR
-16004,D/ST
12699,TE
13214,RB
-16013,D/ST
16803,RB
15786,WR
15855,RB
2515416,RB
11258,RB
15873,WR
2978887,K
14900,TE
14901,TE
14908,WR
2622,WR
16976,K
11364,TE
11923,K
16020,RB
15009,RB
14518,RB
2579604,WR
11467,RB
12497,RB
15058,K
2971888,RB
15062,WR
12503,RB
2577654,RB
2980105,RB
2976516,RB
14583,WR
13587,RB
8475,WR
16724,QB
14204,TE
13197,QB
16784,RB
13203,RB
1428,QB
16793,WR
16794,RB
16795,TE
4512,WR
-16019,D/ST
13225,WR
15823,RB
16339,K
9684,TE
11252,QB
16889,RB
15364,RB
15878,WR
11276,WR
15885,WR
2578,WR
15893,RB
16921,RB
14877,QB
2576395,WR
16950,RB
14909,WR
14914,WR
5209,QB
2148,K
9838,WR
15996,RB
16013,RB
14001,QB
17082,K
15041,RB
11458,WR
10447,WR
13536,RB
13553,WR
8442,WR
12569,WR
2971433,WR
16728,QB
4461,WR
14189,TE
9588,RB
9592,TE
13207,RB
13210,RB
13211,RB
1440,K
9638,WR
5549,RB
9646,RB
13231,TE
10693,RB
10195,RB
15832,RB
10713,RB
15845,WR
11754,RB
15358,WR
14360,RB
11289,RB
14875,QB
14884,RB
14891,RB
14911,WR
9329,K
13958,WR
16530,RB
12489,RB
14028,RB
12500,RB
10467,WR
12516,RB
8444,TE
12568,WR
10522,WR
12576,WR
12586,WR
5941,WR
14153,WR
16736,QB
14184,WR
14186,RB
14192,RB
9597,QB
10621,K
